<?xml version="1.0" encoding="UTF-8"?>
<root>
  <item name="com.bytedance.bae.router.AudioRouteController currentRouting">
    <annotation name="android.support.annotation.IntDef">
      <val name="value" val="{com.bytedance.bae.router.AudioRouteDeviceManager.RoutingDeviceType.UNKNOWN, com.bytedance.bae.router.AudioRouteDeviceManager.RoutingDeviceType.BLUETOOTH_HEADSET, com.bytedance.bae.router.AudioRouteDeviceManager.RoutingDeviceType.BLUETOOTH_SCO, com.bytedance.bae.router.AudioRouteDeviceManager.RoutingDeviceType.USB_HEADSET, com.bytedance.bae.router.AudioRouteDeviceManager.RoutingDeviceType.WIRED_HEADSET, com.bytedance.bae.router.AudioRouteDeviceManager.RoutingDeviceType.BUILT_IN_EARPIECE, com.bytedance.bae.router.AudioRouteDeviceManager.RoutingDeviceType.BUILT_IN_SPEAKER}" />
    </annotation>
  </item>
  <item name="com.bytedance.bae.router.AudioRouteController int setAudioRoute(int, boolean) 0">
    <annotation name="android.support.annotation.IntDef">
      <val name="value" val="{com.bytedance.bae.router.AudioRouteDeviceManager.RoutingDeviceType.UNKNOWN, com.bytedance.bae.router.AudioRouteDeviceManager.RoutingDeviceType.BLUETOOTH_HEADSET, com.bytedance.bae.router.AudioRouteDeviceManager.RoutingDeviceType.BLUETOOTH_SCO, com.bytedance.bae.router.AudioRouteDeviceManager.RoutingDeviceType.USB_HEADSET, com.bytedance.bae.router.AudioRouteDeviceManager.RoutingDeviceType.WIRED_HEADSET, com.bytedance.bae.router.AudioRouteDeviceManager.RoutingDeviceType.BUILT_IN_EARPIECE, com.bytedance.bae.router.AudioRouteDeviceManager.RoutingDeviceType.BUILT_IN_SPEAKER}" />
    </annotation>
  </item>
  <item name="com.bytedance.bae.router.AudioRouteDeviceManager currentRouting">
    <annotation name="android.support.annotation.IntDef">
      <val name="value" val="{com.bytedance.bae.router.AudioRouteDeviceManager.RoutingDeviceType.UNKNOWN, com.bytedance.bae.router.AudioRouteDeviceManager.RoutingDeviceType.BLUETOOTH_HEADSET, com.bytedance.bae.router.AudioRouteDeviceManager.RoutingDeviceType.BLUETOOTH_SCO, com.bytedance.bae.router.AudioRouteDeviceManager.RoutingDeviceType.USB_HEADSET, com.bytedance.bae.router.AudioRouteDeviceManager.RoutingDeviceType.WIRED_HEADSET, com.bytedance.bae.router.AudioRouteDeviceManager.RoutingDeviceType.BUILT_IN_EARPIECE, com.bytedance.bae.router.AudioRouteDeviceManager.RoutingDeviceType.BUILT_IN_SPEAKER}" />
    </annotation>
  </item>
  <item name="com.bytedance.bae.router.AudioRouteDeviceManager int setAudioRoute(int, boolean) 0">
    <annotation name="android.support.annotation.IntDef">
      <val name="value" val="{com.bytedance.bae.router.AudioRouteDeviceManager.RoutingDeviceType.UNKNOWN, com.bytedance.bae.router.AudioRouteDeviceManager.RoutingDeviceType.BLUETOOTH_HEADSET, com.bytedance.bae.router.AudioRouteDeviceManager.RoutingDeviceType.BLUETOOTH_SCO, com.bytedance.bae.router.AudioRouteDeviceManager.RoutingDeviceType.USB_HEADSET, com.bytedance.bae.router.AudioRouteDeviceManager.RoutingDeviceType.WIRED_HEADSET, com.bytedance.bae.router.AudioRouteDeviceManager.RoutingDeviceType.BUILT_IN_EARPIECE, com.bytedance.bae.router.AudioRouteDeviceManager.RoutingDeviceType.BUILT_IN_SPEAKER}" />
    </annotation>
  </item>
  <item name="com.bytedance.bae.router.AudioRouteDeviceManager.RoutingDeviceType">
    <annotation name="android.support.annotation.IntDef">
      <val name="value" val="{com.bytedance.bae.router.AudioRouteDeviceManager.RoutingDeviceType.UNKNOWN, com.bytedance.bae.router.AudioRouteDeviceManager.RoutingDeviceType.BLUETOOTH_HEADSET, com.bytedance.bae.router.AudioRouteDeviceManager.RoutingDeviceType.BLUETOOTH_SCO, com.bytedance.bae.router.AudioRouteDeviceManager.RoutingDeviceType.USB_HEADSET, com.bytedance.bae.router.AudioRouteDeviceManager.RoutingDeviceType.WIRED_HEADSET, com.bytedance.bae.router.AudioRouteDeviceManager.RoutingDeviceType.BUILT_IN_EARPIECE, com.bytedance.bae.router.AudioRouteDeviceManager.RoutingDeviceType.BUILT_IN_SPEAKER}" />
    </annotation>
  </item>
  <item name="com.bytedance.bae.router.IAudioRouteCallback void onDeviceEvent(int, boolean) 0">
    <annotation name="android.support.annotation.IntDef">
      <val name="value" val="{com.bytedance.bae.router.AudioRouteDeviceManager.RoutingDeviceType.UNKNOWN, com.bytedance.bae.router.AudioRouteDeviceManager.RoutingDeviceType.BLUETOOTH_HEADSET, com.bytedance.bae.router.AudioRouteDeviceManager.RoutingDeviceType.BLUETOOTH_SCO, com.bytedance.bae.router.AudioRouteDeviceManager.RoutingDeviceType.USB_HEADSET, com.bytedance.bae.router.AudioRouteDeviceManager.RoutingDeviceType.WIRED_HEADSET, com.bytedance.bae.router.AudioRouteDeviceManager.RoutingDeviceType.BUILT_IN_EARPIECE, com.bytedance.bae.router.AudioRouteDeviceManager.RoutingDeviceType.BUILT_IN_SPEAKER}" />
    </annotation>
  </item>
</root>

