<?xml version="1.0" encoding="UTF-8"?>
<root>
  <item name="com.ss.bytertc.engine.RTCEngine void setLocalVideoSink(com.ss.bytertc.engine.data.StreamIndex, com.ss.bytertc.engine.video.IVideoSink, int) 2">
    <annotation name="android.support.annotation.IntDef">
      <val name="value" val="{com.ss.bytertc.engine.video.IVideoSink.PixelFormat.Original, com.ss.bytertc.engine.video.IVideoSink.PixelFormat.I420}" />
    </annotation>
  </item>
  <item name="com.ss.bytertc.engine.RTCEngine void setPublicStreamVideoSink(java.lang.String, com.ss.bytertc.engine.video.IVideoSink, int) 2">
    <annotation name="android.support.annotation.IntDef">
      <val name="value" val="{com.ss.bytertc.engine.video.IVideoSink.PixelFormat.Original, com.ss.bytertc.engine.video.IVideoSink.PixelFormat.I420}" />
    </annotation>
  </item>
  <item name="com.ss.bytertc.engine.RTCEngine void setRemoteVideoSink(com.ss.bytertc.engine.data.RemoteStreamKey, com.ss.bytertc.engine.video.IVideoSink, int) 2">
    <annotation name="android.support.annotation.IntDef">
      <val name="value" val="{com.ss.bytertc.engine.video.IVideoSink.PixelFormat.Original, com.ss.bytertc.engine.video.IVideoSink.PixelFormat.I420}" />
    </annotation>
  </item>
  <item name="com.ss.bytertc.engine.RTCVideo void setLocalVideoSink(com.ss.bytertc.engine.data.StreamIndex, com.ss.bytertc.engine.video.IVideoSink, int) 2">
    <annotation name="android.support.annotation.IntDef">
      <val name="value" val="{com.ss.bytertc.engine.video.IVideoSink.PixelFormat.Original, com.ss.bytertc.engine.video.IVideoSink.PixelFormat.I420}" />
    </annotation>
  </item>
  <item name="com.ss.bytertc.engine.RTCVideo void setPublicStreamVideoSink(java.lang.String, com.ss.bytertc.engine.video.IVideoSink, int) 2">
    <annotation name="android.support.annotation.IntDef">
      <val name="value" val="{com.ss.bytertc.engine.video.IVideoSink.PixelFormat.Original, com.ss.bytertc.engine.video.IVideoSink.PixelFormat.I420}" />
    </annotation>
  </item>
  <item name="com.ss.bytertc.engine.RTCVideo void setRemoteVideoSink(com.ss.bytertc.engine.data.RemoteStreamKey, com.ss.bytertc.engine.video.IVideoSink, int) 2">
    <annotation name="android.support.annotation.IntDef">
      <val name="value" val="{com.ss.bytertc.engine.video.IVideoSink.PixelFormat.Original, com.ss.bytertc.engine.video.IVideoSink.PixelFormat.I420}" />
    </annotation>
  </item>
</root>

