<?xml version="1.0" encoding="UTF-8"?>
<root>
  <item name="com.ss.bytertc.engine.mediaio.IVideoSink int getBufferType()">
    <annotation name="android.support.annotation.IntDef">
      <val name="value" val="{com.ss.bytertc.engine.mediaio.IVideoSink.BufferType.RAWDATA, com.ss.bytertc.engine.mediaio.IVideoSink.BufferType.PLANAR}" />
    </annotation>
  </item>
  <item name="com.ss.bytertc.engine.mediaio.IVideoSink int getPixelFormat()">
    <annotation name="android.support.annotation.IntDef">
      <val name="value" val="{com.ss.bytertc.engine.mediaio.IVideoSink.PixelFormat.I420}" />
    </annotation>
  </item>
  <item name="com.ss.bytertc.engine.mediaio.IVideoSink.BufferType">
    <annotation name="android.support.annotation.IntDef">
      <val name="value" val="{com.ss.bytertc.engine.mediaio.IVideoSink.BufferType.RAWDATA, com.ss.bytertc.engine.mediaio.IVideoSink.BufferType.PLANAR}" />
    </annotation>
  </item>
  <item name="com.ss.bytertc.engine.mediaio.IVideoSink.PixelFormat">
    <annotation name="android.support.annotation.IntDef">
      <val name="value" val="{com.ss.bytertc.engine.mediaio.IVideoSink.PixelFormat.I420}" />
    </annotation>
  </item>
  <item name="com.ss.bytertc.engine.mediaio.RTCVideoFrame RTCVideoFrame(int, int, float[], java.nio.ByteBuffer, java.nio.ByteBuffer, int, int, int, long, java.lang.Runnable) 1">
    <annotation name="android.support.annotation.IntDef">
      <val name="value" val="{com.ss.bytertc.engine.mediaio.RTCVideoFrame.PixelFormat.UNKNOW, com.ss.bytertc.engine.mediaio.RTCVideoFrame.PixelFormat.I420, com.ss.bytertc.engine.mediaio.RTCVideoFrame.PixelFormat.NV21, com.ss.bytertc.engine.mediaio.RTCVideoFrame.PixelFormat.TEXTURE_2D, com.ss.bytertc.engine.mediaio.RTCVideoFrame.PixelFormat.TEXTURE_OES}" />
    </annotation>
  </item>
  <item name="com.ss.bytertc.engine.mediaio.RTCVideoFrame RTCVideoFrame(java.nio.ByteBuffer[], int[], int, int, int, int, long, java.nio.ByteBuffer, java.nio.ByteBuffer, java.lang.Runnable) 4">
    <annotation name="android.support.annotation.IntDef">
      <val name="value" val="{com.ss.bytertc.engine.mediaio.RTCVideoFrame.PixelFormat.UNKNOW, com.ss.bytertc.engine.mediaio.RTCVideoFrame.PixelFormat.I420, com.ss.bytertc.engine.mediaio.RTCVideoFrame.PixelFormat.NV21, com.ss.bytertc.engine.mediaio.RTCVideoFrame.PixelFormat.TEXTURE_2D, com.ss.bytertc.engine.mediaio.RTCVideoFrame.PixelFormat.TEXTURE_OES}" />
    </annotation>
  </item>
  <item name="com.ss.bytertc.engine.mediaio.RTCVideoFrame com.ss.bytertc.engine.mediaio.RTCVideoFrame createTextureFrame(int, int, int, int, int, long, float[], java.lang.Runnable) 0">
    <annotation name="android.support.annotation.IntDef">
      <val name="value" val="{com.ss.bytertc.engine.mediaio.RTCVideoFrame.PixelFormat.UNKNOW, com.ss.bytertc.engine.mediaio.RTCVideoFrame.PixelFormat.I420, com.ss.bytertc.engine.mediaio.RTCVideoFrame.PixelFormat.NV21, com.ss.bytertc.engine.mediaio.RTCVideoFrame.PixelFormat.TEXTURE_2D, com.ss.bytertc.engine.mediaio.RTCVideoFrame.PixelFormat.TEXTURE_OES}" />
    </annotation>
  </item>
  <item name="com.ss.bytertc.engine.mediaio.RTCVideoFrame.BufferType">
    <annotation name="android.support.annotation.IntDef">
      <val name="value" val="{com.ss.bytertc.engine.mediaio.RTCVideoFrame.BufferType.RAWDATA, com.ss.bytertc.engine.mediaio.RTCVideoFrame.BufferType.TEXTURE, com.ss.bytertc.engine.mediaio.RTCVideoFrame.BufferType.PLANAR}" />
    </annotation>
  </item>
  <item name="com.ss.bytertc.engine.mediaio.RTCVideoFrame.PixelFormat">
    <annotation name="android.support.annotation.IntDef">
      <val name="value" val="{com.ss.bytertc.engine.mediaio.RTCVideoFrame.PixelFormat.UNKNOW, com.ss.bytertc.engine.mediaio.RTCVideoFrame.PixelFormat.I420, com.ss.bytertc.engine.mediaio.RTCVideoFrame.PixelFormat.NV21, com.ss.bytertc.engine.mediaio.RTCVideoFrame.PixelFormat.TEXTURE_2D, com.ss.bytertc.engine.mediaio.RTCVideoFrame.PixelFormat.TEXTURE_OES}" />
    </annotation>
  </item>
</root>

